bjy819,mobvoi_wenet,https://github.com/mobvoi/wenet
bjy819,pbs-assess_gfsynopsis,https://github.com/pbs-assess/gfsynopsis
bjy819,pmlmodelling_ersem,https://github.com/pmlmodelling/ersem
bjy819,vearch_vearch,https://github.com/vearch/vearch
bjy819,hannorein_rebound,https://github.com/hannorein/rebound
bjy819,soedinglab_mmseqs2,https://github.com/soedinglab/MMseqs2
bjy819,hpddm_hpddm,https://github.com/hpddm/hpddm
bjy819,stephenslab_mr.mash.alpha,https://github.com/stephenslab/mr.mash.alpha
bjy819,gem_oq-engine,https://github.com/gem/oq-engine
bjy819,sixin-zh_kymatio_wph,https://github.com/sixin-zh/kymatio_wph
